symbol,date,size_usd,walk_cost_bps,n_samples,sqrtlaw_lo_bps,sqrtlaw_hi_bps
BTCUSDT,2023-09-15,1000.0,0.019,287,0.036,0.117
BTCUSDT,2023-09-15,10000.0,0.019,287,0.113,0.37
BTCUSDT,2023-09-15,50000.0,0.019,287,0.252,0.827
BTCUSDT,2023-09-15,100000.0,0.019,287,0.357,1.17
BTCUSDT,2023-09-15,500000.0,0.04,287,0.797,2.615
BTCUSDT,2023-09-15,1000000.0,0.496,287,1.128,3.699
BTCUSDT,2023-09-15,5000000.0,2.225,287,2.521,8.27
DOGEUSDT,2023-09-15,1000.0,0.807,287,0.182,0.596
DOGEUSDT,2023-09-15,10000.0,0.808,287,0.574,1.883
DOGEUSDT,2023-09-15,50000.0,1.775,287,1.284,4.211
DOGEUSDT,2023-09-15,100000.0,2.834,287,1.816,5.956
DOGEUSDT,2023-09-15,500000.0,8.387,287,4.06,13.318
DOGEUSDT,2023-09-15,1000000.0,15.117,287,5.742,18.834
DOGEUSDT,2023-09-15,5000000.0,82.38,281,12.84,42.114
XTZUSDT,2023-09-15,1000.0,7.593,286,1.044,3.423
XTZUSDT,2023-09-15,10000.0,16.113,286,3.3,10.825
XTZUSDT,2023-09-15,50000.0,28.732,286,7.379,24.205
XTZUSDT,2023-09-15,100000.0,49.316,286,10.436,34.231
XTZUSDT,2023-09-15,500000.0,180.519,286,23.336,76.542
DOGEUSDT,2024-02-15,1000.0,0.584,287,0.218,0.717
DOGEUSDT,2024-02-15,10000.0,0.666,287,0.691,2.266
DOGEUSDT,2024-02-15,50000.0,2.03,287,1.545,5.067
DOGEUSDT,2024-02-15,100000.0,2.923,287,2.185,7.165
DOGEUSDT,2024-02-15,500000.0,6.96,287,4.885,16.022
DOGEUSDT,2024-02-15,1000000.0,10.487,287,6.908,22.659
DOGEUSDT,2024-02-15,5000000.0,149.444,218,15.447,50.667
